{"AuxAudioDevice1":{"balance":0.5,"deinterlace_field_order":0,"deinterlace_mode":0,"enabled":true,"filters":[{"balance":0.5,"deinterlace_field_order":0,"deinterlace_mode":0,"enabled":true,"flags":0,"hotkeys":{},"id":"limiter_filter","mixers":255,"monitoring_type":0,"muted":false,"name":"Limiter","prev_ver":453115908,"private_settings":{},"push-to-mute":false,"push-to-mute-delay":0,"push-to-talk":false,"push-to-talk-delay":0,"settings":{},"sync":0,"versioned_id":"limiter_filter","volume":1.0}],"flags":0,"hotkeys":{"libobs.mute":[],"libobs.push-to-mute":[],"libobs.push-to-talk":[],"libobs.unmute":[]},"id":"wasapi_input_capture","mixers":255,"monitoring_type":0,"muted":true,"name":"Mic","prev_ver":453115908,"private_settings":{},"push-to-mute":false,"push-to-mute-delay":0,"push-to-talk":false,"push-to-talk-delay":0,"settings":{"device_id":"{0.0.1.00000000}.{c655b4bc-d747-4512-8bf2-aabf2eee480a}"},"sync":0,"versioned_id":"wasapi_input_capture","volume":1.0},"AuxAudioDevice2":{"balance":0.5,"deinterlace_field_order":0,"deinterlace_mode":0,"enabled":true,"flags":0,"hotkeys":{"libobs.mute":[],"libobs.push-to-mute":[],"libobs.push-to-talk":[],"libobs.unmute":[]},"id":"wasapi_input_capture","mixers":255,"monitoring_type":0,"muted":false,"name":"Discord","prev_ver":453115908,"private_settings":{},"push-to-mute":false,"push-to-mute-delay":0,"push-to-talk":false,"push-to-talk-delay":0,"settings":{"device_id":"{0.0.1.00000000}.{6e26d33c-9ff6-43dd-8454-59eceb04a966}"},"sync":0,"versioned_id":"wasapi_input_capture","volume":1.0},"DesktopAudioDevice1":{"balance":0.5,"deinterlace_field_order":0,"deinterlace_mode":0,"enabled":true,"flags":0,"hotkeys":{"libobs.mute":[],"libobs.push-to-mute":[],"libobs.push-to-talk":[],"libobs.unmute":[]},"id":"wasapi_output_capture","mixers":255,"monitoring_type":0,"muted":false,"name":"Game Audio","prev_ver":453115908,"private_settings":{},"push-to-mute":false,"push-to-mute-delay":0,"push-to-talk":false,"push-to-talk-delay":0,"settings":{"device_id":"default"},"sync":0,"versioned_id":"wasapi_output_capture","volume":1.0},"current_program_scene":"Verification","current_scene":"Verification","current_transition":"Move","groups":[],"modules":{"auto-scene-switcher":{"active":false,"interval":300,"non_matching_scene":"","switch_if_not_matching":false,"switches":[]},"captions":{"enabled":false,"lang_id":1031,"provider":"mssapi","source":""},"decklink_captions":{"source":""},"output-timer":{"autoStartRecordTimer":false,"autoStartStreamTimer":false,"pauseRecordTimer":true,"recordTimerHours":0,"recordTimerMinutes":0,"recordTimerSeconds":30,"streamTimerHours":0,"streamTimerMinutes":0,"streamTimerSeconds":30},"scripts-tool":[]},"name":"4 instance wall","preview_locked":false,"quick_transitions":[{"duration":1200,"fade_to_black":false,"hotkeys":[],"id":1,"name":"Slide"},{"duration":1200,"fade_to_black":false,"hotkeys":[],"id":4,"name":"Zu Farbe übergehen"}],"saved_projectors":[],"scaling_enabled":false,"scaling_level":0,"scaling_off_x":0.0,"scaling_off_y":0.0,"scene_order":[{"name":"Verification"},{"name":"MC1"},{"name":"MC2"},{"name":"MC3"},{"name":"MC4"}],"sources":[{"balance":0.5,"deinterlace_field_order":0,"deinterlace_mode":0,"enabled":true,"flags":0,"hotkeys":{"OBSBasic.SelectScene":[{"key":"OBS_KEY_NUM4"}],"libobs.hide_scene_item.Instance 4":[],"libobs.hide_scene_item.minecraft instance 4":[],"libobs.show_scene_item.Instance 4":[],"libobs.show_scene_item.minecraft instance 4":[]},"id":"scene","mixers":0,"monitoring_type":0,"muted":false,"name":"MC4","prev_ver":453115908,"private_settings":{"transition":"Move","transition_duration":750},"push-to-mute":false,"push-to-mute-delay":0,"push-to-talk":false,"push-to-talk-delay":0,"settings":{"custom_size":false,"id_counter":5,"items":[{"align":5,"blend_type":"normal","bounds":{"x":1.0,"y":1.0},"bounds_align":0,"bounds_type":0,"crop_bottom":0,"crop_left":0,"crop_right":0,"crop_top":0,"group_item_backup":false,"hide_transition":{"duration":0},"id":2,"locked":false,"name":"minecraft instance 4","pos":{"x":0.0,"y":0.0},"private_settings":{},"rot":0.0,"scale":{"x":1.0,"y":0.99907493591308594},"scale_filter":"disable","show_transition":{"duration":0},"visible":true},{"align":5,"blend_type":"normal","bounds":{"x":0.0,"y":0.0},"bounds_align":0,"bounds_type":0,"crop_bottom":0,"crop_left":0,"crop_right":0,"crop_top":0,"group_item_backup":false,"hide_transition":{"duration":0},"id":5,"locked":false,"name":"Instance 4","pos":{"x":0.0,"y":0.0},"private_settings":{},"rot":0.0,"scale":{"x":1.0,"y":1.0},"scale_filter":"disable","show_transition":{"duration":0},"visible":false}]},"sync":0,"versioned_id":"scene","volume":1.0},{"balance":0.5,"deinterlace_field_order":0,"deinterlace_mode":0,"enabled":true,"flags":0,"hotkeys":{"hotkey_start":[],"hotkey_stop":[]},"id":"game_capture","mixers":0,"monitoring_type":0,"muted":false,"name":"minecraft instance 4","prev_ver":453115908,"private_settings":{},"push-to-mute":false,"push-to-mute-delay":0,"push-to-talk":false,"push-to-talk-delay":0,"settings":{"capture_mode":"window","priority":0,"undo_sname":"minecraft instance 4","window":"Minecraft* - Instance 4:GLFW30:javaw.exe"},"sync":0,"versioned_id":"game_capture","volume":1.0},{"balance":0.5,"deinterlace_field_order":0,"deinterlace_mode":0,"enabled":true,"flags":0,"hotkeys":{"OBSBasic.SelectScene":[{"key":"OBS_KEY_NUM3"}],"libobs.hide_scene_item.Instance 3":[],"libobs.hide_scene_item.minecraft instance 3":[],"libobs.show_scene_item.Instance 3":[],"libobs.show_scene_item.minecraft instance 3":[]},"id":"scene","mixers":0,"monitoring_type":0,"muted":false,"name":"MC3","prev_ver":453115908,"private_settings":{"transition":"Move","transition_duration":750},"push-to-mute":false,"push-to-mute-delay":0,"push-to-talk":false,"push-to-talk-delay":0,"settings":{"custom_size":false,"id_counter":37,"items":[{"align":5,"blend_type":"normal","bounds":{"x":1.0,"y":1.0},"bounds_align":0,"bounds_type":0,"crop_bottom":0,"crop_left":0,"crop_right":0,"crop_top":0,"group_item_backup":false,"hide_transition":{"duration":0},"id":8,"locked":false,"name":"minecraft instance 3","pos":{"x":0.0,"y":0.0},"private_settings":{},"rot":0.0,"scale":{"x":1.0,"y":0.99907493591308594},"scale_filter":"disable","show_transition":{"duration":0},"visible":true},{"align":5,"blend_type":"normal","bounds":{"x":0.0,"y":0.0},"bounds_align":0,"bounds_type":0,"crop_bottom":0,"crop_left":0,"crop_right":0,"crop_top":0,"group_item_backup":false,"hide_transition":{"duration":0},"id":37,"locked":false,"name":"Instance 3","pos":{"x":0.0,"y":0.0},"private_settings":{},"rot":0.0,"scale":{"x":1.0,"y":1.0},"scale_filter":"disable","show_transition":{"duration":0},"visible":false}],"notes":"<!DOCTYPE HTML PUBLIC \"-//W3C//DTD HTML 4.0//EN\" \"http://www.w3.org/TR/REC-html40/strict.dtd\">\n<html><head><meta name=\"qrichtext\" content=\"1\" /><style type=\"text/css\">\np, li { white-space: pre-wrap; }\n</style></head><body style=\" font-family:'MS Shell Dlg 2'; font-size:8.25pt; font-weight:400; font-style:normal;\">\n<p style=\"-qt-paragraph-type:empty; margin-top:0px; margin-bottom:0px; margin-left:0px; margin-right:0px; -qt-block-indent:0; text-indent:0px;\"><br /></p></body></html>"},"sync":0,"versioned_id":"scene","volume":1.0},{"balance":0.5,"deinterlace_field_order":0,"deinterlace_mode":0,"enabled":true,"flags":0,"hotkeys":{"OBSBasic.SelectScene":[{"key":"OBS_KEY_NUM2"}],"libobs.hide_scene_item.Instance 2":[],"libobs.hide_scene_item.minecraft instance 2":[],"libobs.show_scene_item.Instance 2":[],"libobs.show_scene_item.minecraft instance 2":[]},"id":"scene","mixers":0,"monitoring_type":0,"muted":false,"name":"MC2","prev_ver":453115908,"private_settings":{"transition":"Move","transition_duration":750},"push-to-mute":false,"push-to-mute-delay":0,"push-to-talk":false,"push-to-talk-delay":0,"settings":{"custom_size":false,"id_counter":31,"items":[{"align":5,"blend_type":"normal","bounds":{"x":1.0,"y":1.0},"bounds_align":0,"bounds_type":0,"crop_bottom":0,"crop_left":0,"crop_right":0,"crop_top":0,"group_item_backup":false,"hide_transition":{"duration":0},"id":6,"locked":false,"name":"minecraft instance 2","pos":{"x":0.0,"y":0.0},"private_settings":{},"rot":0.0,"scale":{"x":1.0,"y":0.99907493591308594},"scale_filter":"disable","show_transition":{"duration":0},"visible":true},{"align":5,"blend_type":"normal","bounds":{"x":0.0,"y":0.0},"bounds_align":0,"bounds_type":0,"crop_bottom":0,"crop_left":0,"crop_right":0,"crop_top":0,"group_item_backup":false,"hide_transition":{"duration":0},"id":31,"locked":false,"name":"Instance 2","pos":{"x":0.0,"y":0.0},"private_settings":{},"rot":0.0,"scale":{"x":1.0,"y":1.0},"scale_filter":"disable","show_transition":{"duration":0},"visible":false}],"notes":"<!DOCTYPE HTML PUBLIC \"-//W3C//DTD HTML 4.0//EN\" \"http://www.w3.org/TR/REC-html40/strict.dtd\">\n<html><head><meta name=\"qrichtext\" content=\"1\" /><style type=\"text/css\">\np, li { white-space: pre-wrap; }\n</style></head><body style=\" font-family:'MS Shell Dlg 2'; font-size:8.25pt; font-weight:400; font-style:normal;\">\n<p style=\"-qt-paragraph-type:empty; margin-top:0px; margin-bottom:0px; margin-left:0px; margin-right:0px; -qt-block-indent:0; text-indent:0px;\"><br /></p></body></html>"},"sync":0,"versioned_id":"scene","volume":1.0},{"balance":0.5,"deinterlace_field_order":0,"deinterlace_mode":0,"enabled":true,"flags":0,"hotkeys":{"OBSBasic.SelectScene":[{"key":"OBS_KEY_NUM1"}],"libobs.hide_scene_item.Instance 1":[],"libobs.hide_scene_item.minecraft instance 1":[],"libobs.show_scene_item.Instance 1":[],"libobs.show_scene_item.minecraft instance 1":[]},"id":"scene","mixers":0,"monitoring_type":0,"muted":false,"name":"MC1","prev_ver":453115908,"private_settings":{"transition":"Move","transition_duration":750},"push-to-mute":false,"push-to-mute-delay":0,"push-to-talk":false,"push-to-talk-delay":0,"settings":{"custom_size":false,"id_counter":191,"items":[{"align":5,"blend_type":"normal","bounds":{"x":1.0,"y":1.0},"bounds_align":0,"bounds_type":0,"crop_bottom":0,"crop_left":0,"crop_right":0,"crop_top":0,"group_item_backup":false,"hide_transition":{"duration":0},"id":152,"locked":false,"name":"minecraft instance 1","pos":{"x":0.0,"y":0.0},"private_settings":{},"rot":0.0,"scale":{"x":0.99999994039535522,"y":0.99907493591308594},"scale_filter":"disable","show_transition":{"duration":0},"visible":true},{"align":5,"blend_type":"normal","bounds":{"x":1.0,"y":1.0},"bounds_align":0,"bounds_type":0,"crop_bottom":0,"crop_left":0,"crop_right":0,"crop_top":0,"group_item_backup":false,"hide_transition":{"duration":0},"id":191,"locked":false,"name":"Instance 1","pos":{"x":0.0,"y":0.0},"private_settings":{},"rot":0.0,"scale":{"x":1.0,"y":1.0516066551208496},"scale_filter":"disable","show_transition":{"duration":0},"visible":false}],"notes":"<!DOCTYPE HTML PUBLIC \"-//W3C//DTD HTML 4.0//EN\" \"http://www.w3.org/TR/REC-html40/strict.dtd\">\n<html><head><meta name=\"qrichtext\" content=\"1\" /><style type=\"text/css\">\np, li { white-space: pre-wrap; }\n</style></head><body style=\" font-family:'MS Shell Dlg 2'; font-size:8.25pt; font-weight:400; font-style:normal;\">\n<p style=\"-qt-paragraph-type:empty; margin-top:0px; margin-bottom:0px; margin-left:0px; margin-right:0px; -qt-block-indent:0; text-indent:0px;\"><br /></p></body></html>"},"sync":0,"versioned_id":"scene","volume":1.0},{"balance":0.5,"deinterlace_field_order":0,"deinterlace_mode":0,"enabled":true,"flags":0,"hotkeys":{"hotkey_start":[],"hotkey_stop":[]},"id":"game_capture","mixers":0,"monitoring_type":0,"muted":false,"name":"minecraft instance 1","prev_ver":453115908,"private_settings":{},"push-to-mute":false,"push-to-mute-delay":0,"push-to-talk":false,"push-to-talk-delay":0,"settings":{"allow_transparency":false,"anti_cheat_hook":true,"capture_cursor":true,"capture_mode":"window","capture_overlays":false,"hook_rate":1,"limit_framerate":false,"priority":0,"sli_compatibility":false,"undo_sname":"minecraft instance 1","window":"Minecraft* - Instance 1:GLFW30:javaw.exe"},"sync":0,"versioned_id":"game_capture","volume":1.0},{"balance":0.5,"deinterlace_field_order":0,"deinterlace_mode":0,"enabled":true,"flags":0,"hotkeys":{"hotkey_start":[],"hotkey_stop":[]},"id":"game_capture","mixers":0,"monitoring_type":0,"muted":false,"name":"minecraft instance 2","prev_ver":453115908,"private_settings":{},"push-to-mute":false,"push-to-mute-delay":0,"push-to-talk":false,"push-to-talk-delay":0,"settings":{"allow_transparency":false,"anti_cheat_hook":true,"capture_cursor":true,"capture_mode":"window","capture_overlays":false,"hook_rate":1,"limit_framerate":false,"priority":0,"sli_compatibility":false,"undo_sname":"minecraft instance 2","window":"Minecraft* - Instance 2:GLFW30:javaw.exe"},"sync":0,"versioned_id":"game_capture","volume":1.0},{"balance":0.5,"deinterlace_field_order":0,"deinterlace_mode":0,"enabled":true,"flags":0,"hotkeys":{"hotkey_start":[],"hotkey_stop":[]},"id":"game_capture","mixers":0,"monitoring_type":0,"muted":false,"name":"minecraft instance 3","prev_ver":453115908,"private_settings":{},"push-to-mute":false,"push-to-mute-delay":0,"push-to-talk":false,"push-to-talk-delay":0,"settings":{"allow_transparency":false,"anti_cheat_hook":true,"capture_cursor":true,"capture_mode":"window","capture_overlays":false,"hook_rate":1,"limit_framerate":false,"priority":0,"sli_compatibility":false,"undo_sname":"minecraft instance 3","window":"Minecraft* - Instance 3:GLFW30:javaw.exe"},"sync":0,"versioned_id":"game_capture","volume":1.0},{"balance":0.5,"deinterlace_field_order":0,"deinterlace_mode":0,"enabled":true,"filters":[{"balance":0.5,"deinterlace_field_order":0,"deinterlace_mode":0,"enabled":true,"flags":0,"hotkeys":{},"id":"source_record_filter","mixers":0,"monitoring_type":0,"muted":false,"name":"Source Record","prev_ver":453115908,"private_settings":{},"push-to-mute":false,"push-to-mute-delay":0,"push-to-talk":false,"push-to-talk-delay":0,"settings":{"encoder":"x264","path":"D:/raw obs recordings","preset":"ultrafast","rate_control":"CBR","record_mode":3},"sync":0,"versioned_id":"source_record_filter","volume":1.0},{"balance":0.5,"deinterlace_field_order":0,"deinterlace_mode":0,"enabled":false,"flags":0,"hotkeys":{},"id":"move_source_filter","mixers":0,"monitoring_type":0,"muted":false,"name":"Move Source","prev_ver":453115908,"private_settings":{},"push-to-mute":false,"push-to-mute-delay":0,"push-to-talk":false,"push-to-talk-delay":0,"settings":{"bounds":{"x":1.0,"x_sign":" ","y":1.0,"y_sign":" "},"crop":{"bottom":0.0,"bottom_sign":" ","left":0.0,"left_sign":" ","right":0.0,"right_sign":" ","top":0.0,"top_sign":" "},"pos":{"x":0.0,"x_sign":" ","y":0.0,"y_sign":" "},"rot":0.0,"rot_sign":" ","scale":{"x":0.50420171022415161,"x_sign":" ","y":1.3740458488464355,"y_sign":" "},"source":"Instance 1","transform_text":"pos: x 0.0 y 0.0 rot: 0.0 scale: x 0.504 y 1.374 bounds: x 1.000 y 1.000 crop: l 0 t 0 r 0 b 0"},"sync":0,"versioned_id":"move_source_filter","volume":1.0}],"flags":0,"hotkeys":{"Move Source":[],"OBSBasic.SelectScene":[{"key":"OBS_KEY_F12"}],"libobs.hide_scene_item.Instance 1":[],"libobs.hide_scene_item.Instance 2":[],"libobs.hide_scene_item.Instance 3":[],"libobs.hide_scene_item.Instance 4":[],"libobs.show_scene_item.Instance 1":[],"libobs.show_scene_item.Instance 2":[],"libobs.show_scene_item.Instance 3":[],"libobs.show_scene_item.Instance 4":[],"source_record.disable":[],"source_record.enable":[]},"id":"scene","mixers":0,"monitoring_type":0,"muted":false,"name":"Verification","prev_ver":453115908,"private_settings":{},"push-to-mute":false,"push-to-mute-delay":0,"push-to-talk":false,"push-to-talk-delay":0,"settings":{"custom_size":false,"id_counter":4,"items":[{"align":5,"blend_type":"normal","bounds":{"x":1.0,"y":1.0},"bounds_align":0,"bounds_type":0,"crop_bottom":0,"crop_left":0,"crop_right":0,"crop_top":0,"group_item_backup":false,"hide_transition":{"duration":0},"id":1,"locked":false,"name":"Instance 1","pos":{"x":0.0,"y":0.0},"private_settings":{},"rot":0.0,"scale":{"x":0.50420171022415161,"y":1.3740458488464355},"scale_filter":"disable","show_transition":{"duration":0},"visible":true},{"align":5,"blend_type":"normal","bounds":{"x":1.0,"y":1.0},"bounds_align":0,"bounds_type":0,"crop_bottom":0,"crop_left":0,"crop_right":0,"crop_top":0,"group_item_backup":false,"hide_transition":{"duration":0},"id":2,"locked":false,"name":"Instance 2","pos":{"x":960.0,"y":0.0},"private_settings":{},"rot":0.0,"scale":{"x":0.50420171022415161,"y":1.3740458488464355},"scale_filter":"disable","show_transition":{"duration":0},"visible":true},{"align":5,"blend_type":"normal","bounds":{"x":1.0,"y":1.0},"bounds_align":0,"bounds_type":0,"crop_bottom":0,"crop_left":0,"crop_right":0,"crop_top":0,"group_item_backup":false,"hide_transition":{"duration":0},"id":3,"locked":false,"name":"Instance 3","pos":{"x":0.0,"y":540.0},"private_settings":{},"rot":0.0,"scale":{"x":0.50420171022415161,"y":1.3740458488464355},"scale_filter":"disable","show_transition":{"duration":0},"visible":true},{"align":5,"blend_type":"normal","bounds":{"x":1.0,"y":1.0},"bounds_align":0,"bounds_type":0,"crop_bottom":0,"crop_left":0,"crop_right":0,"crop_top":0,"group_item_backup":false,"hide_transition":{"duration":0},"id":4,"locked":false,"name":"Instance 4","pos":{"x":960.0,"y":540.0},"private_settings":{},"rot":0.0,"scale":{"x":0.50420171022415161,"y":1.3740458488464355},"scale_filter":"disable","show_transition":{"duration":0},"visible":true}]},"sync":0,"versioned_id":"scene","volume":1.0},{"balance":0.5,"deinterlace_field_order":0,"deinterlace_mode":0,"enabled":true,"flags":0,"hotkeys":{},"id":"window_capture","mixers":0,"monitoring_type":0,"muted":false,"name":"Instance 1","prev_ver":453115908,"private_settings":{},"push-to-mute":false,"push-to-mute-delay":0,"push-to-talk":false,"push-to-talk-delay":0,"settings":{"priority":0,"window":"Minecraft* - Instance 1:GLFW30:javaw.exe"},"sync":0,"versioned_id":"window_capture","volume":1.0},{"balance":0.5,"deinterlace_field_order":0,"deinterlace_mode":0,"enabled":true,"flags":0,"hotkeys":{},"id":"window_capture","mixers":0,"monitoring_type":0,"muted":false,"name":"Instance 2","prev_ver":453115908,"private_settings":{},"push-to-mute":false,"push-to-mute-delay":0,"push-to-talk":false,"push-to-talk-delay":0,"settings":{"priority":0,"window":"Minecraft* - Instance 2:GLFW30:javaw.exe"},"sync":0,"versioned_id":"window_capture","volume":1.0},{"balance":0.5,"deinterlace_field_order":0,"deinterlace_mode":0,"enabled":true,"flags":0,"hotkeys":{},"id":"window_capture","mixers":0,"monitoring_type":0,"muted":false,"name":"Instance 3","prev_ver":453115908,"private_settings":{},"push-to-mute":false,"push-to-mute-delay":0,"push-to-talk":false,"push-to-talk-delay":0,"settings":{"priority":0,"window":"Minecraft* - Instance 3:GLFW30:javaw.exe"},"sync":0,"versioned_id":"window_capture","volume":1.0},{"balance":0.5,"deinterlace_field_order":0,"deinterlace_mode":0,"enabled":true,"flags":0,"hotkeys":{},"id":"window_capture","mixers":0,"monitoring_type":0,"muted":false,"name":"Instance 4","prev_ver":453115908,"private_settings":{},"push-to-mute":false,"push-to-mute-delay":0,"push-to-talk":false,"push-to-talk-delay":0,"settings":{"priority":0,"window":"Minecraft* - Instance 4:GLFW30:javaw.exe"},"sync":0,"versioned_id":"window_capture","volume":1.0}],"transition_duration":500,"transitions":[{"id":"wipe_transition","name":"Luma Wipe","settings":{"luma_image":"watercolor.png","luma_invert":true,"luma_softness":0.01}},{"id":"slide_transition","name":"Slide","settings":{"direction":"up"}},{"id":"fade_to_color_transition","name":"Zu Farbe übergehen","settings":{}},{"id":"slide_transition","name":"Slide (2)","settings":{"direction":"left"}},{"id":"obs_stinger_transition","name":"Stinger","settings":{}},{"id":"swipe_transition","name":"Swipe","settings":{"direction":"left","swipe_in":true}},{"id":"move_transition","name":"Move","settings":{"transition_in":"None","transition_match":"None","transition_out":"None"}}]}