{"current_program_scene":"Minecraft 4","current_scene":"Minecraft 4","current_transition":"Smooth Move","groups":[],"modules":{"auto-scene-switcher":{"active":false,"interval":300,"non_matching_scene":"","switch_if_not_matching":false,"switches":[]},"captions":{"enabled":false,"lang_id":1033,"provider":"mssapi","source":""},"decklink_captions":{"source":""},"output-timer":{"autoStartRecordTimer":false,"autoStartStreamTimer":false,"pauseRecordTimer":false,"recordTimerHours":0,"recordTimerMinutes":0,"recordTimerSeconds":0,"streamTimerHours":0,"streamTimerMinutes":0,"streamTimerSeconds":0},"scripts-tool":[]},"name":"Smooth Multi","preview_locked":false,"quick_transitions":[{"duration":300,"fade_to_black":false,"hotkeys":[],"id":4,"name":"Cut"},{"duration":300,"fade_to_black":false,"hotkeys":[],"id":5,"name":"Fade"},{"duration":300,"fade_to_black":true,"hotkeys":[],"id":6,"name":"Fade"}],"saved_projectors":[],"scaling_enabled":false,"scaling_level":0,"scaling_off_x":0.0,"scaling_off_y":0.0,"scene_order":[{"name":"Minecraft 1"},{"name":"Minecraft 2"},{"name":"Minecraft 3"},{"name":"Minecraft 4"}],"sources":[{"balance":0.5,"deinterlace_field_order":0,"deinterlace_mode":0,"enabled":true,"flags":0,"hotkeys":{"OBSBasic.SelectScene":[{"key":"OBS_KEY_NUM1"}],"libobs.hide_scene_item.Instance 1":[],"libobs.hide_scene_item.Instance 2":[],"libobs.hide_scene_item.Instance 3":[],"libobs.hide_scene_item.Instance 4":[],"libobs.show_scene_item.Instance 1":[],"libobs.show_scene_item.Instance 2":[],"libobs.show_scene_item.Instance 3":[],"libobs.show_scene_item.Instance 4":[]},"id":"scene","mixers":0,"monitoring_type":0,"muted":false,"name":"Minecraft 1","prev_ver":453115908,"private_settings":{},"push-to-mute":false,"push-to-mute-delay":0,"push-to-talk":false,"push-to-talk-delay":0,"settings":{"custom_size":false,"id_counter":7,"items":[{"align":5,"blend_type":"normal","bounds":{"x":1.0,"y":1.0},"bounds_align":0,"bounds_type":0,"crop_bottom":0,"crop_left":0,"crop_right":0,"crop_top":0,"group_item_backup":false,"hide_transition":{"duration":0},"id":3,"locked":true,"name":"Instance 1","pos":{"x":0.0,"y":0.0},"private_settings":{},"rot":0.0,"scale":{"x":1.0,"y":1.0516066551208496},"scale_filter":"disable","show_transition":{"duration":0},"visible":true},{"align":5,"blend_type":"normal","bounds":{"x":1.0,"y":1.0},"bounds_align":0,"bounds_type":0,"crop_bottom":0,"crop_left":0,"crop_right":0,"crop_top":0,"group_item_backup":false,"hide_transition":{"duration":0},"id":5,"locked":false,"name":"Instance 2","pos":{"x":1440.0,"y":810.0},"private_settings":{},"rot":0.0,"scale":{"x":0.25,"y":0.2629016637802124},"scale_filter":"disable","show_transition":{"duration":0},"visible":true},{"align":5,"blend_type":"normal","bounds":{"x":1.0,"y":1.0},"bounds_align":0,"bounds_type":0,"crop_bottom":0,"crop_left":0,"crop_right":0,"crop_top":0,"group_item_backup":false,"hide_transition":{"duration":0},"id":6,"locked":false,"name":"Instance 3","pos":{"x":1440.0,"y":540.0},"private_settings":{},"rot":0.0,"scale":{"x":0.25,"y":0.2629016637802124},"scale_filter":"disable","show_transition":{"duration":0},"visible":true},{"align":5,"blend_type":"normal","bounds":{"x":1.0,"y":1.0},"bounds_align":0,"bounds_type":0,"crop_bottom":0,"crop_left":0,"crop_right":0,"crop_top":0,"group_item_backup":false,"hide_transition":{"duration":0},"id":7,"locked":false,"name":"Instance 4","pos":{"x":1440.0,"y":270.0},"private_settings":{},"rot":0.0,"scale":{"x":0.25,"y":0.2629016637802124},"scale_filter":"disable","show_transition":{"duration":0},"visible":true}]},"sync":0,"versioned_id":"scene","volume":1.0},{"balance":0.5,"deinterlace_field_order":0,"deinterlace_mode":0,"enabled":true,"flags":0,"hotkeys":{"OBSBasic.SelectScene":[{"key":"OBS_KEY_NUM2"}],"libobs.hide_scene_item.Instance 1":[],"libobs.hide_scene_item.Instance 2":[],"libobs.hide_scene_item.Instance 3":[],"libobs.hide_scene_item.Instance 4":[],"libobs.show_scene_item.Instance 1":[],"libobs.show_scene_item.Instance 2":[],"libobs.show_scene_item.Instance 3":[],"libobs.show_scene_item.Instance 4":[]},"id":"scene","mixers":0,"monitoring_type":0,"muted":false,"name":"Minecraft 2","prev_ver":453115908,"private_settings":{},"push-to-mute":false,"push-to-mute-delay":0,"push-to-talk":false,"push-to-talk-delay":0,"settings":{"custom_size":false,"id_counter":4,"items":[{"align":5,"blend_type":"normal","bounds":{"x":1.0,"y":1.0},"bounds_align":0,"bounds_type":0,"crop_bottom":0,"crop_left":0,"crop_right":0,"crop_top":0,"group_item_backup":false,"hide_transition":{"duration":0},"id":1,"locked":false,"name":"Instance 2","pos":{"x":0.0,"y":0.0},"private_settings":{},"rot":0.0,"scale":{"x":1.0,"y":1.0516066551208496},"scale_filter":"disable","show_transition":{"duration":0},"visible":true},{"align":5,"blend_type":"normal","bounds":{"x":1.0,"y":1.0},"bounds_align":0,"bounds_type":0,"crop_bottom":0,"crop_left":0,"crop_right":0,"crop_top":0,"group_item_backup":false,"hide_transition":{"duration":0},"id":2,"locked":false,"name":"Instance 1","pos":{"x":1440.0,"y":270.0},"private_settings":{},"rot":0.0,"scale":{"x":0.25,"y":0.2629016637802124},"scale_filter":"disable","show_transition":{"duration":0},"visible":true},{"align":5,"blend_type":"normal","bounds":{"x":1.0,"y":1.0},"bounds_align":0,"bounds_type":0,"crop_bottom":0,"crop_left":0,"crop_right":0,"crop_top":0,"group_item_backup":false,"hide_transition":{"duration":0},"id":3,"locked":false,"name":"Instance 3","pos":{"x":1440.0,"y":810.0},"private_settings":{},"rot":0.0,"scale":{"x":0.25,"y":0.2629016637802124},"scale_filter":"disable","show_transition":{"duration":0},"visible":true},{"align":5,"blend_type":"normal","bounds":{"x":1.0,"y":1.0},"bounds_align":0,"bounds_type":0,"crop_bottom":0,"crop_left":0,"crop_right":0,"crop_top":0,"group_item_backup":false,"hide_transition":{"duration":0},"id":4,"locked":false,"name":"Instance 4","pos":{"x":1440.0,"y":540.0},"private_settings":{},"rot":0.0,"scale":{"x":0.25,"y":0.2629016637802124},"scale_filter":"disable","show_transition":{"duration":0},"visible":true}]},"sync":0,"versioned_id":"scene","volume":1.0},{"balance":0.5,"deinterlace_field_order":0,"deinterlace_mode":0,"enabled":true,"flags":0,"hotkeys":{"OBSBasic.SelectScene":[{"key":"OBS_KEY_NUM3"}],"libobs.hide_scene_item.Instance 1":[],"libobs.hide_scene_item.Instance 2":[],"libobs.hide_scene_item.Instance 3":[],"libobs.hide_scene_item.Instance 4":[],"libobs.show_scene_item.Instance 1":[],"libobs.show_scene_item.Instance 2":[],"libobs.show_scene_item.Instance 3":[],"libobs.show_scene_item.Instance 4":[]},"id":"scene","mixers":0,"monitoring_type":0,"muted":false,"name":"Minecraft 3","prev_ver":453115908,"private_settings":{},"push-to-mute":false,"push-to-mute-delay":0,"push-to-talk":false,"push-to-talk-delay":0,"settings":{"custom_size":false,"id_counter":6,"items":[{"align":5,"blend_type":"normal","bounds":{"x":1.0,"y":1.0},"bounds_align":0,"bounds_type":0,"crop_bottom":0,"crop_left":0,"crop_right":0,"crop_top":0,"group_item_backup":false,"hide_transition":{"duration":0},"id":1,"locked":false,"name":"Instance 3","pos":{"x":0.0,"y":0.0},"private_settings":{},"rot":0.0,"scale":{"x":1.0,"y":1.0516066551208496},"scale_filter":"disable","show_transition":{"duration":0},"visible":true},{"align":5,"blend_type":"normal","bounds":{"x":1.0,"y":1.0},"bounds_align":0,"bounds_type":0,"crop_bottom":0,"crop_left":0,"crop_right":0,"crop_top":0,"group_item_backup":false,"hide_transition":{"duration":0},"id":5,"locked":false,"name":"Instance 4","pos":{"x":1440.0,"y":810.0},"private_settings":{},"rot":0.0,"scale":{"x":0.25,"y":0.2629016637802124},"scale_filter":"disable","show_transition":{"duration":0},"visible":true},{"align":5,"blend_type":"normal","bounds":{"x":1.0,"y":1.0},"bounds_align":0,"bounds_type":0,"crop_bottom":0,"crop_left":0,"crop_right":0,"crop_top":0,"group_item_backup":false,"hide_transition":{"duration":0},"id":2,"locked":false,"name":"Instance 1","pos":{"x":1440.0,"y":540.0},"private_settings":{},"rot":0.0,"scale":{"x":0.25,"y":0.2629016637802124},"scale_filter":"disable","show_transition":{"duration":0},"visible":true},{"align":5,"blend_type":"normal","bounds":{"x":1.0,"y":1.0},"bounds_align":0,"bounds_type":0,"crop_bottom":0,"crop_left":0,"crop_right":0,"crop_top":0,"group_item_backup":false,"hide_transition":{"duration":0},"id":6,"locked":false,"name":"Instance 2","pos":{"x":1440.0,"y":270.0},"private_settings":{},"rot":0.0,"scale":{"x":0.25,"y":0.2629016637802124},"scale_filter":"disable","show_transition":{"duration":0},"visible":true}]},"sync":0,"versioned_id":"scene","volume":1.0},{"balance":0.5,"deinterlace_field_order":0,"deinterlace_mode":0,"enabled":true,"flags":0,"hotkeys":{"OBSBasic.SelectScene":[{"key":"OBS_KEY_NUM4"}],"libobs.hide_scene_item.Instance 1":[],"libobs.hide_scene_item.Instance 2":[],"libobs.hide_scene_item.Instance 3":[],"libobs.hide_scene_item.Instance 4":[],"libobs.show_scene_item.Instance 1":[],"libobs.show_scene_item.Instance 2":[],"libobs.show_scene_item.Instance 3":[],"libobs.show_scene_item.Instance 4":[]},"id":"scene","mixers":0,"monitoring_type":0,"muted":false,"name":"Minecraft 4","prev_ver":453115908,"private_settings":{},"push-to-mute":false,"push-to-mute-delay":0,"push-to-talk":false,"push-to-talk-delay":0,"settings":{"custom_size":false,"id_counter":4,"items":[{"align":5,"blend_type":"normal","bounds":{"x":1.0,"y":1.0},"bounds_align":0,"bounds_type":0,"crop_bottom":0,"crop_left":0,"crop_right":0,"crop_top":0,"group_item_backup":false,"hide_transition":{"duration":0},"id":1,"locked":false,"name":"Instance 4","pos":{"x":0.0,"y":0.0},"private_settings":{},"rot":0.0,"scale":{"x":1.0,"y":1.0516066551208496},"scale_filter":"disable","show_transition":{"duration":0},"visible":true},{"align":5,"blend_type":"normal","bounds":{"x":1.0,"y":1.0},"bounds_align":0,"bounds_type":0,"crop_bottom":0,"crop_left":0,"crop_right":0,"crop_top":0,"group_item_backup":false,"hide_transition":{"duration":0},"id":2,"locked":false,"name":"Instance 1","pos":{"x":1440.0,"y":810.0},"private_settings":{},"rot":0.0,"scale":{"x":0.25,"y":0.2629016637802124},"scale_filter":"disable","show_transition":{"duration":0},"visible":true},{"align":5,"blend_type":"normal","bounds":{"x":1.0,"y":1.0},"bounds_align":0,"bounds_type":0,"crop_bottom":0,"crop_left":0,"crop_right":0,"crop_top":0,"group_item_backup":false,"hide_transition":{"duration":0},"id":3,"locked":false,"name":"Instance 2","pos":{"x":1440.0,"y":540.0},"private_settings":{},"rot":0.0,"scale":{"x":0.25,"y":0.2629016637802124},"scale_filter":"disable","show_transition":{"duration":0},"visible":true},{"align":5,"blend_type":"normal","bounds":{"x":1.0,"y":1.0},"bounds_align":0,"bounds_type":0,"crop_bottom":0,"crop_left":0,"crop_right":0,"crop_top":0,"group_item_backup":false,"hide_transition":{"duration":0},"id":4,"locked":false,"name":"Instance 3","pos":{"x":1440.0,"y":270.0},"private_settings":{},"rot":0.0,"scale":{"x":0.25,"y":0.2629016637802124},"scale_filter":"disable","show_transition":{"duration":0},"visible":true}]},"sync":0,"versioned_id":"scene","volume":1.0},{"balance":0.5,"deinterlace_field_order":0,"deinterlace_mode":0,"enabled":true,"flags":0,"hotkeys":{"hotkey_start":[],"hotkey_stop":[]},"id":"game_capture","mixers":0,"monitoring_type":0,"muted":false,"name":"Instance 1","prev_ver":453115908,"private_settings":{},"push-to-mute":false,"push-to-mute-delay":0,"push-to-talk":false,"push-to-talk-delay":0,"settings":{"capture_mode":"window","priority":0,"window":"Minecraft* - Instance 1:GLFW30:javaw.exe"},"sync":0,"versioned_id":"game_capture","volume":1.0},{"balance":0.5,"deinterlace_field_order":0,"deinterlace_mode":0,"enabled":true,"flags":0,"hotkeys":{"hotkey_start":[],"hotkey_stop":[]},"id":"game_capture","mixers":0,"monitoring_type":0,"muted":false,"name":"Instance 2","prev_ver":453115908,"private_settings":{},"push-to-mute":false,"push-to-mute-delay":0,"push-to-talk":false,"push-to-talk-delay":0,"settings":{"capture_mode":"window","priority":0,"window":"Minecraft* - Instance 2:GLFW30:javaw.exe"},"sync":0,"versioned_id":"game_capture","volume":1.0},{"balance":0.5,"deinterlace_field_order":0,"deinterlace_mode":0,"enabled":true,"flags":0,"hotkeys":{"hotkey_start":[],"hotkey_stop":[]},"id":"game_capture","mixers":0,"monitoring_type":0,"muted":false,"name":"Instance 3","prev_ver":453115908,"private_settings":{},"push-to-mute":false,"push-to-mute-delay":0,"push-to-talk":false,"push-to-talk-delay":0,"settings":{"capture_mode":"window","priority":0,"window":"Minecraft* - Instance 3:GLFW30:javaw.exe"},"sync":0,"versioned_id":"game_capture","volume":1.0},{"balance":0.5,"deinterlace_field_order":0,"deinterlace_mode":0,"enabled":true,"flags":0,"hotkeys":{"hotkey_start":[],"hotkey_stop":[]},"id":"game_capture","mixers":0,"monitoring_type":0,"muted":false,"name":"Instance 4","prev_ver":453115908,"private_settings":{},"push-to-mute":false,"push-to-mute-delay":0,"push-to-talk":false,"push-to-talk-delay":0,"settings":{"capture_mode":"window","priority":0,"window":"Minecraft* - Instance 4:GLFW30:javaw.exe"},"sync":0,"versioned_id":"game_capture","volume":1.0}],"transition_duration":300,"transitions":[{"id":"move_transition","name":"Smooth Move","settings":{"transition_in":"None","transition_match":"None","transition_out":"None"}}]}